<?xml version="1.0" encoding="UTF-8"?>
<deploy xmlns="http://www.apache.org/ode/schemas/dd/2007/03" xmlns:ops="http://ops" xmlns:sample="http://wso2.org/bps/sample">
  <process name="sample:EchoBPEL">
    <active>true</active>
    <retired>false</retired>
    <process-events generate="all"/>
    <provide partnerLink="client">
      <service name="sample:EchoBPEL" port="EchoBPELPort"/>
    </provide>
    <invoke partnerLink="client">
      <service/>
    </invoke>
    <invoke partnerLink="AdderLink">
      <service/>
    </invoke>
  </process>
</deploy>